number,date_block,date,rep,farm,variety,Araneae,Opilinoines,Chilpods,Diplopods,total_Coleoptera_Adults ,Unidentified_Coleoptera_Adults,Cantharidae_Adults,Carabidae_Adults,Chrysomelidae_Adults,Coccinellidae_Adults,Curculionidae_Adults,Elateridae_Adults,Histeridae_Adults,Lampyridae_Adult,Melodiae_Adults,Scarabidae_Adults,Staphylinidae_Adults,Total_ Diptera_Adults,Brachycera_Adults,Nemeratocera_Adults,Total_Hemiptera,Unidentified_Hemiptera,Minute_pirate_bug,Geocoridae,Miridae,Nabidae,Rejuvidae,Total _Homoptera,Unidentified_Hompotera,Aphididae,Total _Hymenoptera,non_ant_Hymenoptera_total,Total_Hymenoptera_Pollinator,Total_Hymenoptera_Parasite,Total_Hymenoptera_Predator,Total_Hymenoptera_other,Formicidae ,Lepidoptera_Adults,Neuroptera_Adults,Total_Orthoptera,Gryllidae,Caelifera,Thysanoptera,Unidentified_Coleoptera_Larva,Cantharidae_Larva,Carabidae_Larva,Chrysomelidae_Larva,Coccinellidae_Larva,Curculionidae_Larva,Elateridae_Larva,Lampyridae_Larva,Melodiae_Larva,Scarabidae_Larva,Staphylinidae_Larva,Diptera_Larva,Lepidoptera_Larva,Neuroptera_Larva,Hemiptera_Nymph,Dermaptera,Psocoptera,unknown,Total_organisms,Total_Coccinellidae_Adults,Seven_Spotted,Varigatged,Pink_Ladybug,Harmonia,Total_Predators,Total_Detritivores,Total_Herbivores,Total_Ominvores,Total_Parasites,Total_Pollinators,Total_other,Total_Summary,perc_TotalPredators,perc_TotalDetricores,perc_TotalHerbivores,perc_TotalOminvores,perc_TotalParasites,perc_TotalPollinators,perc_other
1,1,6/22/23,1,SR,b_lab,,,,,7,,,4,1,,,,,,,,2,1,1,,0,,,,,,,0,,,9,8,0,8, ,0,1,,,0,,,5,,,,,,,,1,,,,,,,,,,,23,,,, , ,7,0,6,2,8,0,0,23,30.43478261,0,26.08695652,8.695652174,34.7826087,0,0
2,1,6/22/23,2,SR,b_lab,,,,,1,,,1,,,,,,,,,,0,,,0,,,,,,,0,,,0,,0,0, ,0,,,,0,,,,,,,,,,,,,,,,,,,,,,1,,,, , ,1,0,0,0,0,0,0,1,100,0,0,0,0,0,0
3,1,6/22/23,3,SR,b_lab,1,,,1,4,,,1,,,1,1,,,,,1,0,,,1,,1,,,,,0,,,15,1,0,1, ,0,14,,,2,,2,,,,,,1,,,,,,,,,,,,,,25,,,, , ,4,1,4,15,1,0,0,25,16,4,16,60,4,0,0
4,1,6/22/23,1,SR,futura83,,,,1,7,,,6,,,,,,,,,1,0,,,0,,,,,,,0,,,9,6,0,6, ,0,3,,,0,,,3,,,,,,,,,,,,,,,,,,,20,,,, , ,7,1,3,3,6,0,0,20,35,5,15,15,30,0,0
5,1,6/22/23,2,SR,futura83,,1,,,2,1,,1,,,,,,,,,,0,,,0,,,,,,,1,1,,1,1,0,1, ,0,,,,0,,,,,,,,,,,,,,,,,,,,,,5,,,, , ,2,0,1,0,1,0,1,5,40,0,20,0,20,0,20
6,1,6/22/23,3,SR,futura83,,,,,2,,,1,,,,,,,,,1,1,1,,0,,,,,,,0,,,1,,0,0, ,0,1,,,0,,,,,,,,,,,,,,,,,,,,,,4,,,, , ,2,0,0,2,0,0,0,4,50,0,0,50,0,0,0
7,1,6/22/23,1,SR,orion33,1,,,,0,,,,,,,,,,,,,0,,,0,,,,,,,0,,,0,,0,0, ,0,,,,0,,,,,,,,,,,,,,,,,,,,,,1,,,, , ,1,0,0,0,0,0,0,1,100,0,0,0,0,0,0
8,1,6/22/23,2,SR,orion33,,,,,3,,1,1,1,,,,,,,,,0,,,0,,,,,,,0,,,1,1,1,0, ,0,,,,0,,,,,,,,,,,,,,,,,,,,,,4,,,, , ,2,0,1,0,0,1,0,4,50,0,25,0,0,25,0
9,1,6/22/23,3,SR,orion33,,1,1,,9,,,5,,,,,,,,,4,0,,,0,,,,,,,0,,,10,6,0,6, ,0,4,,,2,2,,,,,,,,,,,,,,,,,,,,,23,,,, , ,11,0,2,4,6,0,0,23,47.82608696,0,8.695652174,17.39130435,26.08695652,0,0
10,1,6/22/23,1,SR,Henola,2,,,,2,,,1,,,,,,,,1,,2,2,,0,,,,,,,1,1,,6,2,0,2, ,0,4,,,0,,,,,,,,,,,,,,,,,,,,,,13,,,, , ,3,0,2,6,2,0,0,13,23.07692308,0,15.38461538,46.15384615,15.38461538,0,0
11,1,6/22/23,2,SR,Henola,2,,,2,3,,,1,,2,,,,,,,,1,,1,0,,,,,,,2,2,,8,5,0,5, ,0,3,,,1,1,,,,,,,,,,,,,,,,,,,,,19,2,1,1, , ,5,2,3,4,5,0,0,19,26.31578947,10.52631579,15.78947368,21.05263158,26.31578947,0,0
12,1,6/22/23,3,SR,Henola,2,,,,1,,,1,,,,,,,,,,2,,2,3,,3,,,,,0,,,12,8,0,8, ,0,4,,,2,2,,,,,,,,,,,,,,,,,,,,,22,,,, , ,3,0,2,9,8,0,0,22,13.63636364,0,9.090909091,40.90909091,36.36363636,0,0
13,3,7/6/23,1,SR,fedora17,2,2,1,,8,,,7,,,1,,,,,,,0,,,3,,3,,,,,1,1,,1,,0,0, ,0,1,,,1,1,,1,,,,,,,,,,,,,,,,,,,20,,,, , ,12,0,4,4,0,0,0,20,60,0,20,20,0,0,0
14,3,7/6/23,2,SR,fedora17,1,,,1,10,,,10,,,,,,,,,,0,,,0,,,,,,,0,,,1,,0,0, ,0,1,,,0,,,1,,,,,,,,,,,,,,,,,,,14,,,, , ,11,1,1,1,0,0,0,14,78.57142857,7.142857143,7.142857143,7.142857143,0,0,0
15,3,7/6/23,3,SR,fedora17,,,,1,8,,,7,,,,1,,,,,,0,,,0,,,,,,,0,,,1,,0,0, ,0,1,,,2,2,,,,,,,,,,,,,,,,,,,,,12,,,, , ,7,1,3,1,0,0,0,12,58.33333333,8.333333333,25,8.333333333,0,0,0
16,3,7/6/23,1,SR,orion33,1,,,,2,,,2,,,,,,,,,,0,,,0,,,,,,,0,,,0,,0,0, ,0,,,,0,,,,,,,,,,,,,,,,,,,,,,3,,,, , ,3,0,0,0,0,0,0,3,100,0,0,0,0,0,0
17,3,7/6/23,2,SR,orion33,3,,,,4,,,4,,,,,,,,,,2,2,,0,,,,,,,1,1,,6,2,0,2, ,0,4,,,0,,,,,,,,,,,,,,,,,,,,,,16,,,, , ,7,0,1,6,2,0,0,16,43.75,0,6.25,37.5,12.5,0,0
18,3,7/6/23,3,SR,orion33,,,,,8,,,7,,1,,,,,,,,0,,,0,,,,,,,0,,,0,,0,0, ,0,,,,0,,,,,,1,,,,,,,,,,,,,,,,9,1,1,, , ,9,0,0,0,0,0,0,9,100,0,0,0,0,0,0
19,3,7/6/23,1,SR,b_lab,1,,,1,9,,,6,,,2,1,,,,,,0,,,0,,,,,,,1,,1,0,,0,0, ,0,,,,0,,,,,,1,,,,,,,,,,,,,1,,,14,,,, , ,8,2,4,0,0,0,0,14,57.14285714,14.28571429,28.57142857,0,0,0,0
20,3,7/6/23,2,SR,b_lab,,,,1,9,,,8,,,,,,1,,,,0,,,0,,,,,,,0,,,1,,0,0, ,0,1,,,0,,,,,,,,,,,,,,,,,,,,,,11,,,, , ,8,1,0,2,0,0,0,11,72.72727273,9.090909091,0,18.18181818,0,0,0
21,3,7/6/23,3,SR,b_lab,,1,1,1,27,,,13,,,6,1,,1,,1,5,2,1,1,0,,,,,,,0,,,5,2,0,2, ,0,3,,,0,,,,,,,,,,,,,,,,,,,,,,37,,,, , ,20,1,8,6,2,0,0,37,54.05405405,2.702702703,21.62162162,16.21621622,5.405405405,0,0
22,3,7/6/23,1,SR,futura83,6,2,,1,15,,,6,,,,,,,,,9,1,1,,0,,,,,,,0,,,8,5,0,4,1,0,3,,,0,,,,,,,,,,,,,,,,,,,,,,33,,,, , ,24,1,0,4,4,0,0,33,72.72727273,3.03030303,0,12.12121212,12.12121212,0,0
23,3,7/6/23,2,SR,futura83,3,,,2,21,,,19,,,,,,,,1,1,2,2,,0,,,,,,,1,1,,7,,0,0, ,0,7,,,0,,,1,,,,,,,,,,,,,,,,,,,37,,,, , ,23,2,3,9,0,0,0,37,62.16216216,5.405405405,8.108108108,24.32432432,0,0,0
24,3,7/6/23,3,SR,futura83,2,,,,13,,,10,1,,,,,,,,2,1,1,,0,,,,,,,1,,1,4,3,0,1, ,2,1,,,0,,,,,,,,,,,,,,,,,,,,,,21,,,, , ,14,0,2,2,1,0,2,21,66.66666667,0,9.523809524,9.523809524,4.761904762,0,9.523809524
25,3,7/6/23,1,SR,carmenecta,5,,3,1,9,,,8,,,,,,,,,1,1,1,,0,,,,,,,2,1,1,9,2,0,2, ,0,7,,,0,,,,,,,,,,,,,,,,,,,,,,30,,,, , ,17,1,2,8,2,0,0,30,56.66666667,3.333333333,6.666666667,26.66666667,6.666666667,0,0
26,3,7/6/23,2,SR,carmenecta,1,1,,,11,,,9,,,1,1,,,,,,0,,,0,,,,,,,0,,,2,,0,0, ,0,2,,,0,,,,,,,,,,,,,,,,,,,,,,15,,,, , ,11,0,2,2,0,0,0,15,73.33333333,0,13.33333333,13.33333333,0,0,0
27,3,7/6/23,3,SR,carmenecta,5,1,1,,4,,,3,1,,,,,,,,,0,,,0,,,,,,,1,1,,4,4,0,4, ,0,,,,0,,,,,,,,,,,,,,,,,,,,,,16,,,, , ,10,0,2,0,4,0,0,16,62.5,0,12.5,0,25,0,0
28,3,7/6/23,1,SR,Henola,12,,2,,13,,,8,,,1,,,,,,4,1,1,,0,,,,,,,3,2,1,16,5,0,5, ,0,11,,,2,2,,,,,,,,,,,,,,,,,,,,,49,,,, , ,26,0,6,12,5,0,0,49,53.06122449,0,12.24489796,24.48979592,10.20408163,0,0
29,3,7/6/23,2,SR,Henola,1,2,1,,5,,,5,,,,,,,,,,0,,,0,,,,,,,0,,,2,2,0,2, ,0,,,,0,,,,,,,,,,,,,,,,,,,,,,11,,,, , ,9,0,0,0,2,0,0,11,81.81818182,0,0,0,18.18181818,0,0
30,3,7/6/23,3,SR,Henola,1,,,1,7,,,6,,,1,,,,,,,1,1,,0,,,,,,,0,,,0,,0,0, ,0,,,,0,,,,,,,,,,,,,,,,,,,,,,10,,,, , ,7,1,1,1,0,0,0,10,70,10,10,10,0,0,0
31,5,7/20/23,1,SR,b_lab,1,,,6,2,,,1,,,1,,,,,,,0,,,0,,,,,,,0,,,0,,0,0, ,0,,,,0,,,,,,,,,,,,,,,,,,,,,,9,,,, , ,2,6,1,0,0,0,0,9,22.22222222,66.66666667,11.11111111,0,0,0,0
32,5,7/20/23,2,SR,b_lab,27,,1,1,11,3,,4,,,2,,,,,,2,22,22,,0,,,,,,,3,1,2,36,32,0,32, ,0,4,,,1,1,,1,1,,,,,,,,,,,,,,,,,,104,,,, , ,34,1,7,26,32,0,4,104,32.69230769,0.961538462,6.730769231,25,30.76923077,0,3.846153846
33,5,7/20/23,3,SR,b_lab,5,,,3,2,,,,,,1,,,,,1,,5,4,1,0,,,,,,,0,,,21,20,0,20, ,0,1,,,0,,,,,,,,,,,,,,,,,,,,,,36,,,, , ,5,3,2,6,20,0,0,36,13.88888889,8.333333333,5.555555556,16.66666667,55.55555556,0,0
34,5,7/20/23,1,SR,futura83,4,,,,7,2,,4,,,,,,,,,1,20,20,,0,,,,,,,0,,,22,19,0,18, ,1,3,,,1,1,,2,,,,,,,,,,,,,,,1,,,,57,,,, , ,10,0,3,23,18,0,3,57,17.54385965,0,5.263157895,40.35087719,31.57894737,0,5.263157895
35,5,7/20/23,2,SR,futura83,13,,,2,1,,,1,,,,,,,,,,0,,,0,,,,,,,1,1,,11,9,0,9, ,0,2,,,1,1,,,,,,,,,,,,,,,,,,,,,29,,,, , ,14,2,2,2,9,0,0,29,48.27586207,6.896551724,6.896551724,6.896551724,31.03448276,0,0
36,5,7/20/23,3,SR,futura83,3,,,,0,,,,,,,,,,,,,5,5,,0,,,,,,,0,,,2,1,0,1, ,0,1,,,0,,,,,,,,,,,,,,,,,,,,,,10,,,, , ,3,0,0,6,1,0,0,10,30,0,0,60,10,0,0
37,5,7/20/23,1,SR,fedora17,6,,,1,6,,,4,,,1,,,,,1,,5,5,,0,,,,,,,0,,,22,18,0,18, ,0,4,,,0,,,,,,,,,,,,,,,,,,,,,,40,,,, , ,10,1,2,9,18,0,0,40,25,2.5,5,22.5,45,0,0
38,5,7/20/23,2,SR,fedora17,14,1,,,10,2,,4,,,,1,,1,,1,1,9,9,,0,,,,,,,0,,,6,5,0,5, ,0,1,,,0,,,,,,,,,,,,,,,,,,,,,,40,,,, , ,20,0,2,11,5,0,2,40,50,0,5,27.5,12.5,0,5
39,5,7/20/23,3,SR,fedora17,3,,,1,8,2,,3,,,,1,,,,1,1,1,1,,0,,,,,,,0,,,25,23,0,23, ,0,2,,,0,,,,,,,,,,,,,,,,,,,,,,38,,,, , ,7,1,2,3,23,0,2,38,18.42105263,2.631578947,5.263157895,7.894736842,60.52631579,0,5.263157895
40,5,7/20/23,1,SR,carmenecta,1,,,,2,,,,1,,,,,,,,1,0,,,0,,,,,,,0,,,0,,0,0, ,0,,,,0,,,,,,,,,,,,,,,,,,,,,,3,,,, , ,2,0,1,0,0,0,0,3,66.66666667,0,33.33333333,0,0,0,0
41,5,7/20/23,2,SR,carmenecta,23,,,1,10,1,,7,,,,1,,,,,1,4,4,,2,2,,,,,,1,1,,9,9,0,8, ,1,,,,1,1,,,,,,,,,,,,,,,,,,,,,51,,,, , ,31,1,3,4,8,0,4,51,60.78431373,1.960784314,5.882352941,7.843137255,15.68627451,0,7.843137255
42,5,7/20/23,3,SR,carmenecta,12,,,3,7,1,,3,,,,,,,,,3,4,4,,0,,,,,,,0,,,37,28,0,28, ,0,9,,,0,,,,,,,,,,,,,,,,,,5,,,,68,,,, , ,23,3,0,13,28,0,1,68,33.82352941,4.411764706,0,19.11764706,41.17647059,0,1.470588235
43,5,7/20/23,1,SR,Henola,12,1,,,25,7,,11,,,,,,,,1,6,25,25,,0,,,,,,,1,,1,14,12,0,12, ,0,2,,,0,,,,,,,,,,,,,,,,,,,,,,78,,,, , ,30,0,2,27,12,0,7,78,38.46153846,0,2.564102564,34.61538462,15.38461538,0,8.974358974
44,5,7/20/23,2,SR,Henola,,,,1,1,,,1,,,,,,,,,,0,,,0,,,,,,,1,,1,1,1,0,1, ,0,,,,0,,,,,,,,,,,,,,,,,,,,,,4,,,, , ,1,1,1,0,1,0,0,4,25,25,25,0,25,0,0
45,5,7/20/23,3,SR,Henola,5,1,,1,3,,,2,,,1,,,,,,,3,3,,0,,,,,,,0,,,3,,0,0, ,0,3,,,0,,,,,,,,,,,,,,,,,,,,,,16,,,, , ,8,1,1,6,0,0,0,16,50,6.25,6.25,37.5,0,0,0
46,5,7/20/23,1,SR,orion33,21,,,1,9,5,,3,,,,,,,,,1,2,1,1,0,,,,,,,2,,2,8,7,0,7, ,0,1,,,0,,,1,,,,,,,,1,,,,,,,1,,,,46,,,, , ,27,1,3,3,7,0,5,46,58.69565217,2.173913043,6.52173913,6.52173913,15.2173913,0,10.86956522
47,5,7/20/23,2,SR,orion33,,,,,3,,,2,,,,,,,,,1,0,,,0,,,,,,,0,,,1,1,0,1, ,0,,,,0,,,,,,,,,,,,,,,,,,,,,,4,,,, , ,3,0,0,0,1,0,0,4,75,0,0,0,25,0,0
48,5,7/20/23,3,SR,orion33,3,,,,0,,,,,,,,,,,,,0,,,0,,,,,,,0,,,16,15,0,15, ,0,1,,,0,,,,,,,,,,,,,,,1,,,,,,,20,,,, , ,3,0,0,2,15,0,0,20,15,0,0,10,75,0,0
49,7,8/4/23,2,SR,fedora17,,,,1,4,2,,1,1,,,,,,,,,1,1,,0,,,,,,,0,,,8,5,0,5, ,0,3,,,0,,,,,,,,1,,,,,,,,,,,,,,15,,,, , ,2,1,1,4,5,0,2,15,13.33333333,6.666666667,6.666666667,26.66666667,33.33333333,0,13.33333333
50,7,8/4/23,2,SR,fedora17,2,,,,4,1,,3,,,,,,,,,,7,7,,0,,,,,,,2,,2,8,7,0,7, ,0,1,,,0,,,,,,,,,,,,,,,,,,,,,,23,,,, , ,5,0,2,8,7,0,1,23,21.73913043,0,8.695652174,34.7826087,30.43478261,0,4.347826087
51,7,8/4/23,3,SR,fedora17,1,,,,1,,,1,,,,,,,,,,3,3,,0,,,,,,,2,2,,8,8,0,8, ,0,,,,0,,,,,,,,,,,,,,,,,,,,,,15,,,, , ,2,0,2,3,8,0,0,15,13.33333333,0,13.33333333,20,53.33333333,0,0
52,7,8/4/23,1,SR,Henola,5,2,,1,16,2,,5,,,,,,,,,9,20,13,7,0,,,,,,,2,1,1,34,27,0,27, ,0,7,,,1,1,,,1,,,,,,,,,,,,,,2,,,,84,,,, , ,23,1,3,27,27,0,3,84,27.38095238,1.19047619,3.571428571,32.14285714,32.14285714,0,3.571428571
53,7,8/4/23,2,SR,Henola,21,1,,,4,1,,2,,,,,,,,1,,8,8,,1,1,,,,,,4,3,1,14,9,0,9, ,0,5,,,0,,,,1,,,,,,,,,,,1,,,10,,,,65,,,, , ,34,0,5,14,9,0,3,65,52.30769231,0,7.692307692,21.53846154,13.84615385,0,4.615384615
54,7,8/4/23,3,SR,Henola,2,,,3,1,1,,,,,,,,,,,,12,12,,0,,,,,,,1,,1,14,12,0,12, ,0,2,,,0,,,,,,,,,,,1,,,,,,,,,,,34,,,, , ,3,3,1,14,12,0,1,34,8.823529412,8.823529412,2.941176471,41.17647059,35.29411765,0,2.941176471
55,7,8/4/23,1,SR,carmenecta,3,,,,2,,,2,,,,,,,,,,8,8,,0,,,,,,,0,,,17,16,0,16, ,0,1,,,0,,,,1,,,,,,,1,,,,,,,,,,,32,,,, , ,6,0,0,9,16,0,1,32,18.75,0,0,28.125,50,0,3.125
56,7,8/4/23,2,SR,carmenecta,4,,,,3,1,,,,1,,,,,,,1,6,5,1,0,,,,,,,1,1,,7,7,0,7, ,0,,,,0,,,,1,,,,,,,,,,,,1,,,,,,23,1,,,1, ,6,0,2,6,7,0,2,23,26.08695652,0,8.695652174,26.08695652,30.43478261,0,8.695652174
57,7,8/4/23,3,SR,carmenecta,1,1,,,2,2,,,,,,,,,,,,1,1,,0,,,,,,,1,1,,8,7,0,6, ,1,1,,,0,,,,,,,,,,,,,,,,,,,,,,14,,,, , ,2,0,1,2,6,0,3,14,14.28571429,0,7.142857143,14.28571429,42.85714286,0,21.42857143
58,7,8/4/23,1,SR,futura83,1,1,,,4,,,3,1,,,,,,,,,9,9,,2,2,,,,,,0,,,17,16,1,15, ,0,1,,,2,2,,,1,,,,,,,,,,,,,,,,1,,38,,,, , ,5,0,3,10,15,1,4,38,13.15789474,0,7.894736842,26.31578947,39.47368421,2.631578947,10.52631579
59,7,8/4/23,2,SR,futura83,2,1,,,2,,,,1,,,,,,,,1,8,8,,0,,,,,,,0,,,14,10,0,10, ,0,4,,,0,,,,,,,,,,,,,,,,,,,,,,27,,,, , ,4,0,1,12,10,0,0,27,14.81481481,0,3.703703704,44.44444444,37.03703704,0,0
60,7,8/4/23,3,SR,futura83,5,,,,6,1,,4,,,,,,,,1,,5,4,1,1,1,,,,,,1,1,,9,8,0,8, ,0,1,,,0,,,,,,,,,,,,,,,,,,4,,,,31,,,, , ,13,0,2,6,8,0,2,31,41.93548387,0,6.451612903,19.35483871,25.80645161,0,6.451612903
61,7,8/4/23,1,SR,b_lab,6,,,1,3,,,1,,,1,1,,,,,,2,1,1,0,,,,,,,2,1,1,26,24,0,24, ,0,2,,,0,,,,,,,,,,,,,,,,,,,,,,40,,,, , ,7,1,4,4,24,0,0,40,17.5,2.5,10,10,60,0,0
62,7,8/4/23,2,SR,b_lab,7,,,1,7,1,,6,,,,,,,,,,7,7,,1,1,,,,,,4,3,1,30,9,0,9, ,0,21,,,3,3,,,1,,,,,,,,,,,3,,,1,,,,65,,,, , ,14,1,7,31,9,0,3,65,21.53846154,1.538461538,10.76923077,47.69230769,13.84615385,0,4.615384615
63,7,8/4/23,3,SR,b_lab,3,,,1,3,1,,2,,,,,,,,,,3,2,1,0,,,,,,,0,,,6,6,0,6, ,0,,,,0,,,1,,,,,,,,,,,,,,,,,,,17,,,, , ,5,1,1,3,6,0,1,17,29.41176471,5.882352941,5.882352941,17.64705882,35.29411765,0,5.882352941
64,7,8/4/23,1,SR,orion33,12,1,1,,9,2,,4,,,,,,,,,3,14,13,1,0,,,,,,,0,,,15,10,0,10, ,0,5,,,1,1,,1,2,,,,,,,,,,,1,,,,,,,57,,,, , ,21,0,2,20,10,0,4,57,36.84210526,0,3.50877193,35.0877193,17.54385965,0,7.01754386
65,7,8/4/23,2,SR,orion33,7,,,,6,1,,,,1,,,,,,,4,7,6,1,1,,,,1,,,6,6,,6,5,0,5, ,0,1,,,1,1,,,,,,,,,,,,,,,,,1,,,,35,1,,,1, ,13,0,8,8,5,0,1,35,37.14285714,0,22.85714286,22.85714286,14.28571429,0,2.857142857
66,7,8/4/23,3,SR,orion33,8,2,,2,5,,,4,,,,,,,,1,,1,1,,1,1,,,,,,2,1,1,13,11,0,11, ,0,2,,,2,2,,,,,1,,,,,,,,,,,,,,,,37,,,, , ,15,2,5,3,11,0,1,37,40.54054054,5.405405405,13.51351351,8.108108108,29.72972973,0,2.702702703
67,9,8/17/23,1,SR,Henola,6,,,,3,,,3,,,,,,,,,,3,3,,0,,,,,,,0,,,5,2,0,2, ,0,3,,,0,,,,,,,,,,,,,,,,,,,,,,17,,,, , ,9,0,0,6,2,0,0,17,52.94117647,0,0,35.29411765,11.76470588,0,0
68,9,8/17/23,2,SR,Henola,3,,,,6,1,,1,,,,,,,,1,3,0,,,1,1,,,,,,7,7,,10,7,0,7, ,0,3,,,2,2,,,1,,,,,,,,,,,1,,,4,,,,35,,,, , ,11,0,10,4,7,0,3,35,31.42857143,0,28.57142857,11.42857143,20,0,8.571428571
69,9,8/17/23,3,SR,Henola,1,3,,2,18,3,,5,,,,,,,,,10,8,7,1,1,1,,,,,,2,1,1,38,34,0,34, ,0,4,1,,0,,,1,4,,,,,,,,,,,2,1,,3,,2,,87,,,, , ,22,2,4,14,34,1,10,87,25.28735632,2.298850575,4.597701149,16.09195402,39.08045977,1.149425287,11.49425287
70,9,8/17/23,1,SR,futura83,1,,,3,2,,,2,,,,,,,,,,8,8,,0,,,,,,,1,1,,13,8,0,8, ,0,5,,,2,1,1,,,,,,,,,,,,,,,,2,,,,32,,,, , ,5,3,3,13,8,0,0,32,15.625,9.375,9.375,40.625,25,0,0
71,9,8/17/23,2,SR,futura83,,,,1,8,2,,5,1,,,,,,,,,3,3,,1,1,,,,,,1,1,,8,6,0,5, ,1,2,,,0,,,1,,,,,,,,,,,,,,,14,,,,37,,,, , ,19,1,3,5,5,0,4,37,51.35135135,2.702702703,8.108108108,13.51351351,13.51351351,0,10.81081081
72,9,8/17/23,3,SR,futura83,,1,,,2,1,,1,,,,,,,,,,2,2,,0,,,,,,,2,2,,7,7,0,7, ,0,,,,0,,,,,,,,2,,,,,,,,,,,,,,16,,,, , ,4,0,2,2,7,0,1,16,25,0,12.5,12.5,43.75,0,6.25
73,9,8/17/23,1,SR,b_lab,,3,2,1,5,,,1,,,2,,,,,1,1,4,4,,0,,,,,,,6,5,1,29,21,0,21, ,0,8,1,,0,,,,,,,,,,,,,,,1,,,2,,,,54,,,, , ,9,1,9,13,21,1,0,54,16.66666667,1.851851852,16.66666667,24.07407407,38.88888889,1.851851852,0
74,9,8/17/23,2,SR,b_lab,1,,,1,2,1,,1,,,,,,,,,,4,3,1,0,,,,,,,2,2,,25,,0,0, ,0,25,,,0,,,,,,,,,,,,,,,,,,1,,,,36,,,, , ,3,1,2,29,0,0,1,36,8.333333333,2.777777778,5.555555556,80.55555556,0,0,2.777777778
75,9,8/17/23,3,SR,b_lab,1,,,,10,1,,9,,,,,,,,,,1,1,,1,1,,,,,,2,1,1,8,6,0,6, ,0,2,,,0,,,,,,,,,,,,,,,,,1,1,,,,25,,,, , ,12,0,2,3,6,0,2,25,48,0,8,12,24,0,8
76,9,8/17/23,1,SR,fedora17,2,,,,4,1,,3,,,,,,,,,,2,2,,0,,,,,,,8,2,6,37,6,0,5, ,1,31,,,0,,,,1,,,,,,,,,,,,,,,,1,,55,,,, , ,5,0,8,33,5,0,4,55,9.090909091,0,14.54545455,60,9.090909091,0,7.272727273
77,9,8/17/23,2,SR,fedora17,,,,1,2,,,1,1,,,,,,,,,2,2,,0,,,,,,,4,4,,1,1,0,1, ,0,,,,0,,,,,,,,,,,,,,,,,,,,,,10,,,, , ,1,1,5,2,1,0,0,10,10,10,50,20,10,0,0
78,9,8/17/23,3,SR,fedora17,1,,,,6,,,5,1,,,,,,,,,1,1,,0,,,,,,,1,,1,3,2,0,2, ,0,1,,,0,,,1,,,,,,,,,,,,,,,2,,,,15,,,, , ,8,0,3,2,2,0,0,15,53.33333333,0,20,13.33333333,13.33333333,0,0
79,9,8/17/23,1,SR,carmenecta,2,,,,3,2,,1,,,,,,,,,,1,1,,1,,,,,1,,1,1,,6,4,0,4, ,0,2,,,0,,,,,,,,,,,,,,,,,,11,,,,25,,,, , ,15,0,1,3,4,0,2,25,60,0,4,12,16,0,8
80,9,8/17/23,2,SR,carmenecta,,1,,,2,,,2,,,,,,,,,,2,2,,0,,,,,,,2,2,,4,2,0,2, ,0,2,,,0,,,,,,,,1,,,,,,,,,,1,,1,,14,,,, , ,5,0,2,4,2,0,1,14,35.71428571,0,14.28571429,28.57142857,14.28571429,0,7.142857143
81,9,8/17/23,3,SR,carmenecta,,1,,1,3,,,1,2,,,,,,,,,3,3,,0,,,,,,,9,9,,7,2,0,2, ,0,5,,,2,2,,1,,,,,,,,,,,,,1,,3,,,,31,,,, , ,5,1,15,8,2,0,0,31,16.12903226,3.225806452,48.38709677,25.80645161,6.451612903,0,0
82,9,8/17/23,1,SR,orion33,2,,,1,7,,,5,,,1,,,,,,1,2,2,,1,,,,,1,,3,3,,14,10,0,4, ,4,4,,,3,3,,,,,,,,,,,,,,,,,,,1,,32,,,, , ,9,1,7,6,4,0,5,32,28.125,3.125,21.875,18.75,12.5,0,15.625
83,9,8/17/23,2,SR,orion33,1,,,,3,,,2,1,,,,,,,,,2,2,,1,1,,,,,,4,4,,1,1,0,1, ,0,,,,1,,1,,,,,,,,,,,,,,,,9,,,,22,,,, , ,12,0,6,2,1,0,1,22,54.54545455,0,27.27272727,9.090909091,4.545454545,0,4.545454545
84,9,8/17/23,3,SR,orion33,,,,1,0,,,,,,,,,,,,,2,2,,1,,,,,1,,1,1,,20,3,0,3, ,0,17,,,0,,,,,,,,,,,,,,,,,,,,,,25,,,, , ,1,1,1,19,3,0,0,25,4,4,4,76,12,0,0
85,2,6/27/23,1,RS,henola,,,,,0,,,,,,,,,,,,,0,,,0,,,,,,,0,,,0,,0,0, ,0,,,,0,,,,,,,,,,,,,,,,,,,,,,0,,,, , ,0,0,0,0,0,0,0,0,0,0,0,0,0,0,0
86,2,6/27/23,2,RS,henola,4,,,1,1,,,1,,,,,,,,,,0,,,0,,,,,,,0,,,0,,0,0, ,0,,,,0,,,,,,,,,,,,,,,,,,,,,,6,,,, , ,5,1,0,0,0,0,0,6,83.33333333,16.66666667,0,0,0,0,0
87,2,6/27/23,3,RS,henola,,2,,1,4,1,,3,,,,,,,,,,4,3,1,0,,,,,,,1,,1,6,1,0,1, ,0,5,,,0,,,,,,,,,,,,,,,,,,,,,,18,,,, , ,5,1,1,9,1,0,1,18,27.77777778,5.555555556,5.555555556,50,5.555555556,0,5.555555556
88,2,6/27/23,1,RS,carmenecta,2,,,1,0,,,,,,,,,,,,,1,1,,0,,,,,,,0,,,0,,0,0, ,0,,,,0,,,,,,,,,,,,,,,,,,,,,,4,,,, , ,2,1,0,1,0,0,0,4,50,25,0,25,0,0,0
89,2,6/27/23,2,RS,carmenecta,3,,,,2,,,2,,,,,,,,,,2,2,,0,,,,,,,0,,,0,,0,0, ,0,,,,0,,,,,,,,,,,,,,,,,,,,,,7,,,, , ,5,0,0,2,0,0,0,7,71.42857143,0,0,28.57142857,0,0,0
90,2,6/27/23,3,RS,carmenecta,,1,,,2,,,2,,,,,,,,,,1,1,,0,,,,,,,0,,,0,,0,0, ,0,,,,0,,,,,,,,,,,,,,,,,,,,,,4,,,, , ,3,0,0,1,0,0,0,4,75,0,0,25,0,0,0
91,2,6/27/23,1,RS,b_lab,2,,,,4,1,,3,,,,,,,,,,0,,,0,,,,,,,0,,,0,,0,0, ,0,,,,0,,,,,,,,,,,,,,,,,,,,,,6,,,, , ,5,0,0,0,0,0,1,6,83.33333333,0,0,0,0,0,16.66666667
92,2,6/27/23,2,RS,b_lab,2,3,1,1,4,1,,1,1,,,,,,,,1,2,,2,0,,,,,,,0,,,4,2,0,2, ,0,2,,,0,,,,,,,,,,,,,,,,,,,,,,17,,,, , ,8,1,1,4,2,0,1,17,47.05882353,5.882352941,5.882352941,23.52941176,11.76470588,0,5.882352941
93,2,6/27/23,3,RS,b_lab,2,,,,1,,,1,,,,,,,,,,0,,,0,,,,,,,0,,,0,,0,0, ,0,,,,0,,,,,,,,,,,,,,,,,,,,,,3,,,, , ,3,0,0,0,0,0,0,3,100,0,0,0,0,0,0
94,2,6/27/23,1,RS,fedora17,1,,,,1,,,1,,,,,,,,,,9,2,7,0,,,,,,,0,,,1,1,0,1, ,0,,,,0,,,,,,,,,,,,,,,,,,,,,,12,,,, , ,2,0,0,9,1,0,0,12,16.66666667,0,0,75,8.333333333,0,0
95,2,6/27/23,2,RS,fedora17,2,2,,1,4,1,,,,,,,,,,,3,0,,,0,,,,,,,0,,,0,,0,0, ,0,,,,1,1,,,,,,,,,,,,,,,,,,,,,10,,,, , ,7,1,1,0,0,0,1,10,70,10,10,0,0,0,10
96,2,6/27/23,3,RS,fedora17,2,4,,,1,,,,,,,,,,,1,,0,,,0,,,,,,,1,1,,2,1,0,1, ,0,1,,,0,,,,,,,,,,,,,,,,,,,,,,10,,,, , ,6,0,2,1,1,0,0,10,60,0,20,10,10,0,0
97,2,6/27/23,1,RS,orion33,3,1,,1,4,2,,2,,,,,,,,,,1,,1,0,,,,,,,1,,1,2,1,0,1, ,0,1,,,0,,,1,,,,,,,,,,,,,,,,,,,14,,,, , ,6,1,2,2,1,0,2,14,42.85714286,7.142857143,14.28571429,14.28571429,7.142857143,0,14.28571429
98,2,6/27/23,2,RS,orion33,3,,,,1,,,1,,,,,,,,,,1,,1,0,,,,,,,2,1,1,0,,0,0, ,0,,,,0,,,,,,,,,,,,,,,,,,,,,,7,,,, , ,4,0,2,1,0,0,0,7,57.14285714,0,28.57142857,14.28571429,0,0,0
99,2,6/27/23,3,RS,orion33,2,3,,,1,,,1,,,,,,,,,,1,1,,1,,,,,1,,0,,,1,1,0,1, ,0,,,,0,,,,,,,,,,,,,,,,,,,,,,9,,,, , ,7,0,0,1,1,0,0,9,77.77777778,0,0,11.11111111,11.11111111,0,0
100,2,6/27/23,1,RS,futura83,3,8,,1,5,1,,3,,,,,,,,,1,4,1,3,0,,,,,,,1,,1,1,1,0,1, ,0,,,,0,,,,,,,,,,,,,,,,,,,,,,23,,,, , ,15,1,1,4,1,0,1,23,65.2173913,4.347826087,4.347826087,17.39130435,4.347826087,0,4.347826087
101,2,6/27/23,2,RS,futura83,3,,,,3,,,3,,,,,,,,,,1,1,,0,,,,,,,0,,,0,,0,0, ,0,,,,0,,,,,,,,,,,,,,,,,,,,,,7,,,, , ,6,0,0,1,0,0,0,7,85.71428571,0,0,14.28571429,0,0,0
102,2,6/27/23,3,RS,futura83,3,2,,,5,2,,3,,,,,,,,,,1,1,,0,,,,,,,0,,,1,,0,0, ,0,1,,,0,,,,,,,,1,,,,,,,,,,,,,,13,,,, , ,9,0,0,2,0,0,2,13,69.23076923,0,0,15.38461538,0,0,15.38461538
103,4,7/11/23,1,RS,b_lab,4,,1,,8,1,,7,,,,,,,,,,1,1,,0,,,,,,,0,,,1,1,0,1, ,0,,,,0,,,,,,,,,,,,,,,,1,,,,,,16,,,, , ,12,0,1,1,1,0,1,16,75,0,6.25,6.25,6.25,0,6.25
104,4,7/11/23,2,RS,b_lab,2,,1,,7,2,,5,,,,,,,,,,4,2,2,0,,,,,,,0,,,3,2,0,2, ,0,1,,,1,1,,1,,,,,,,,,,,,,,,,,1,,20,,,, , ,8,0,2,5,2,0,3,20,40,0,10,25,10,0,15
105,4,7/11/23,3,RS,b_lab,1,,,,5,,,5,,,,,,,,,,3,2,1,0,,,,,,,0,,,12,12,0,10, ,2,,,,0,,,1,,,,,,,,,,,,,,,,,,,22,,,, , ,6,0,1,3,10,0,2,22,27.27272727,0,4.545454545,13.63636364,45.45454545,0,9.090909091
106,4,7/11/23,1,RS,carmenecta,3,1,,,8,1,,6,1,,,,,,,,,1,1,,1,,,,,1,,0,,,10,8,0,7, ,1,2,,,0,,,,,,,,,,,,,,,,,,,,,,24,,,, , ,11,0,1,3,7,0,2,24,45.83333333,0,4.166666667,12.5,29.16666667,0,8.333333333
107,4,7/11/23,2,RS,carmenecta,2,,,4,10,1,,8,,,,,,,,,1,1,1,,1,,,1,,,,2,2,,5,2,0,2, ,0,3,,,0,,,,,,,,,,,,,,,,,,,,,,25,,,, , ,12,4,2,4,2,0,1,25,48,16,8,16,8,0,4
108,4,7/11/23,3,RS,carmenecta,1,,1,,11,,,11,,,,,,,,,,0,,,0,,,,,,,2,2,,10,8,0,8, ,0,2,,,0,,,,,,,,,,,,,,,,,,,1,,,26,,,, , ,13,1,2,2,8,0,0,26,50,3.846153846,7.692307692,7.692307692,30.76923077,0,0
109,4,7/11/23,1,RS,futura83,,,,,9,1,,8,,,,,,,,,,5,3,2,1,1,,,,,,0,,,8,6,0,6, ,0,2,,,0,,,2,,,,,,,,,,,,,,,,,,,25,,,, , ,8,0,2,7,6,0,2,25,32,0,8,28,24,0,8
110,4,7/11/23,2,RS,futura83,1,,,,11,,,11,,,,,,,,,,1,,1,0,,,,,,,0,,,2,2,0,2, ,0,,,,0,,,1,,,,,,,,,,,,,,,,,,,16,,,, , ,12,0,1,1,2,0,0,16,75,0,6.25,6.25,12.5,0,0
111,4,7/11/23,3,RS,futura83,1,,,,9,3,,6,,,,,,,,,,0,,,0,,,,,,,0,,,6,4,0,4, ,0,2,,,0,,,3,,,,,,,,,,,,,,,,,,,19,,,, , ,7,0,3,2,4,0,3,19,36.84210526,0,15.78947368,10.52631579,21.05263158,0,15.78947368
112,4,7/11/23,1,RS,henola,1,,,2,9,2,,7,,,,,,,,,,3,2,1,0,,,,,,,1,1,,0,,0,0, ,0,,,,1,,1,,,,,,,,,,,,,,,,,,,,17,,,, , ,8,2,2,3,0,0,2,17,47.05882353,11.76470588,11.76470588,17.64705882,0,0,11.76470588
113,4,7/11/23,2,RS,henola,,,1,2,11,1,,7,,,1,,,,,,2,4,4,,0,,,,,,,0,,,4,4,0,4, ,0,,,,1,,1,,,,,,,,,,,,,,,,,,,,23,,,, , ,10,2,2,4,4,0,1,23,43.47826087,8.695652174,8.695652174,17.39130435,17.39130435,0,4.347826087
114,4,7/11/23,3,RS,henola,2,,,,10,2,,8,,,,,,,,,,2,1,1,0,,,,,,,1,,1,24,21,0,19, ,2,3,,,0,,,1,,,,,,,,,,,,,,,4,,,,44,,,, , ,14,0,2,5,19,0,4,44,31.81818182,0,4.545454545,11.36363636,43.18181818,0,9.090909091
115,4,7/11/23,1,RS,fedora17,1,,,,26,1,,25,,,,,,,,,,2,1,1,0,,,,,,,3,2,1,14,13,0,13, ,0,1,,,0,,,1,,,,,,,,,,,,,,,1,,,,48,,,, , ,27,0,4,3,13,0,1,48,56.25,0,8.333333333,6.25,27.08333333,0,2.083333333
116,4,7/11/23,2,RS,fedora17,,,,2,6,1,,5,,,,,,,,,,3,3,,0,,,,,,,1,1,,2,2,0,2, ,0,,,,0,,,,,,,,,,,,,,,,,,,,,,14,,,, , ,5,2,1,3,2,0,1,14,35.71428571,14.28571429,7.142857143,21.42857143,14.28571429,0,7.142857143
117,4,7/11/23,3,RS,fedora17,1,,,,4,2,,2,,,,,,,,,,6,3,3,0,,,,,,,3,3,,42,34,0,34, ,0,8,,,0,,,2,,,,,,,,,,,,,,,,,,1,59,,,, , ,3,0,5,14,34,0,3,59,5.084745763,0,8.474576271,23.72881356,57.62711864,0,5.084745763
118,4,7/11/23,1,RS,orion33,3,,,,1,,,,1,,,,,,,,,5,2,3,0,,,,,,,0,,,14,14,0,14, ,0,,,,0,,,,,,,,,,,,,,,,,,,,1,,24,,,, , ,3,0,1,5,14,0,1,24,12.5,0,4.166666667,20.83333333,58.33333333,0,4.166666667
119,4,7/11/23,2,RS,orion33,,3,,2,7,1,,6,,,,,,,,,,3,2,1,0,,,,,,,0,,,9,7,0,7, ,0,2,,,0,,,,,,,,,,,,,,,,,,,,,,24,,,, , ,9,2,0,5,7,0,1,24,37.5,8.333333333,0,20.83333333,29.16666667,0,4.166666667
120,4,7/11/23,3,RS,orion33,3,,1,,6,2,,4,,,,,,,,,,4,3,1,0,,,,,,,0,,,11,6,0,6, ,0,5,,,1,,1,,,,,,,,,,,,,,,,,,,,26,,,, , ,8,0,1,9,6,0,2,26,30.76923077,0,3.846153846,34.61538462,23.07692308,0,7.692307692
121,6,7/25/23,1,RS,carmenecta,2,2,1,,5,1,,4,,,,,,,,,,1,1,,0,,,,,,,2,2,,0,,0,0, ,0,,,,0,,,,,,,,,,,,,,,,,,,,,,13,,,, , ,9,0,2,1,0,0,1,13,69.23076923,0,15.38461538,7.692307692,0,0,7.692307692
122,6,7/25/23,2,RS,carmenecta,,,,,8,,,8,,,,,,,,,,0,,,0,,,,,,,0,,,0,,0,0, ,0,,,,0,,,,,,,,,,,,,,,,,,,,,,8,,,, , ,8,0,0,0,0,0,0,8,100,0,0,0,0,0,0
123,6,7/25/23,3,RS,carmenecta,12,1,,1,9,1,,4,,1,,,,,,,3,5,4,1,0,,,,,,,0,,,10,8,0,8, ,0,2,,,1,1,,,1,,,,,,,,,,,,,,,,,,40,1,,, ,1,21,1,1,7,8,0,2,40,52.5,2.5,2.5,17.5,20,0,5
124,6,7/25/23,1,RS,b_lab,10,2,,1,5,,,5,,,,,,,,,,6,5,1,0,,,,,,,0,,,0,,0,0, ,0,,,,0,,,,,,,,,,,,,,,,1,,,,,,25,,,, , ,17,1,1,6,0,0,0,25,68,4,4,24,0,0,0
125,6,7/25/23,2,RS,b_lab,4,,,,13,8,,5,,,,,,,,,,1,1,,1,1,,,,,,0,,,1,,0,0, ,0,1,,,0,,,,,,,,,,,,,,,,,,,,,,20,,,, , ,9,0,0,2,0,0,9,20,45,0,0,10,0,0,45
126,6,7/25/23,3,RS,b_lab,7,1,,,1,,,1,,,,,,,,,,0,,,0,,,,,,,0,,,4,4,0,4, ,0,,,,0,,,,,,,,,,,,,,,,1,,,,,,14,,,, , ,9,0,1,0,4,0,0,14,64.28571429,0,7.142857143,0,28.57142857,0,0
127,6,7/25/23,1,RS,orion33,1,1,,2,13,1,,12,,,,,,,,,,2,2,,0,,,,,,,3,3,,0,,0,0, ,0,,,,0,,,,,,,,,,,,,,,,,,,,,,22,,,, , ,14,2,3,2,0,0,1,22,63.63636364,9.090909091,13.63636364,9.090909091,0,0,4.545454545
128,6,7/25/23,2,RS,orion33,,1,,,2,,,2,,,,,,,,,,0,,,0,,,,,,,0,,,0,,0,0, ,0,,,,0,,,,,,,,,,,,,,,,,,,,,,3,,,, , ,3,0,0,0,0,0,0,3,100,0,0,0,0,0,0
129,6,7/25/23,3,RS,orion33,,1,,,10,,,10,,,,,,,,,,1,1,,0,,,,,,,0,,,0,,0,0, ,0,,,,0,,,,,,,,,,,,,,,,,,,,,,12,,,, , ,11,0,0,1,0,0,0,12,91.66666667,0,0,8.333333333,0,0,0
130,6,7/25/23,1,RS,futura83,1,1,,,7,,,7,,,,,,,,,,2,2,,0,,,,,,,0,,,1,1,0,1, ,0,,,,0,,,,,,,,,,,,,,,,,,,,,,12,,,, , ,9,0,0,2,1,0,0,12,75,0,0,16.66666667,8.333333333,0,0
131,6,7/25/23,2,RS,futura83,1,1,,,1,,,1,,,,,,,,,,2,1,1,0,,,,,,,0,,,1,1,0,1, ,0,,,,1,,1,,,,,,,,,,,,,,,,,,,,7,,,, , ,3,0,1,2,1,0,0,7,42.85714286,0,14.28571429,28.57142857,14.28571429,0,0
132,6,7/25/23,3,RS,futura83,6,1,,,5,1,,4,,,,,,,,,,2,2,,0,,,,,,,0,,,1,1,0,1, ,0,,,,0,,,,,,,,,,,,,,,,,,,,,,15,,,, , ,11,0,0,2,1,0,1,15,73.33333333,0,0,13.33333333,6.666666667,0,6.666666667
133,6,7/25/23,1,RS,henola,9,,,1,32,9,,22,,,,,,1,,,,4,3,1,0,,,,,,,1,1,,5,5,0,5, ,0,,,,0,,,,,,,,,,,,,,,,,,,,,,52,,,, , ,31,1,1,5,5,0,9,52,59.61538462,1.923076923,1.923076923,9.615384615,9.615384615,0,17.30769231
134,6,7/25/23,2,RS,henola,2,,,3,5,2,,3,,,,,,,,,,0,,,0,,,,,,,0,,,2,1,0,1, ,0,1,,,0,,,1,,,,,,,,,,,,,,,,,,,13,,,, , ,5,3,1,1,1,0,2,13,38.46153846,23.07692308,7.692307692,7.692307692,7.692307692,0,15.38461538
135,6,7/25/23,3,RS,henola,,,,,13,8,,4,,,,,,1,,,,3,3,,0,,,,,,,0,,,7,4,0,3, ,1,3,,,1,,1,,,,,,,,,,,,,,,,,,,,24,,,, , ,4,0,1,7,3,0,9,24,16.66666667,0,4.166666667,29.16666667,12.5,0,37.5
136,6,7/25/23,1,RS,fedora17,2,2,,,20,14,,4,,,1,,,,,,1,8,8,,0,,,,,,,1,1,,8,3,0,3, ,0,5,,,0,,,,,,,,,,,,,,,,,,,,,,41,,,, , ,9,0,2,13,3,0,14,41,21.95121951,0,4.87804878,31.70731707,7.317073171,0,34.14634146
137,6,7/25/23,2,RS,fedora17,1,2,,,0,,,,,,,,,,,,,0,,,1,1,,,,,,0,,,7,6,0,6, ,0,1,,,0,,,,,,,,,,,,,,,,,1,,,,,12,,,, , ,4,0,0,1,6,0,1,12,33.33333333,0,0,8.333333333,50,0,8.333333333
138,6,7/25/23,3,RS,fedora17,4,2,,,2,,,2,,,,,,,,,,4,2,2,0,,,,,,,0,,,5,4,0,4, ,0,1,,,0,,,,,,,,,,,,,,,,,,,,,,17,,,, , ,8,0,0,5,4,0,0,17,47.05882353,0,0,29.41176471,23.52941176,0,0
139,8,8/8/23,1,RS,b_lab,2,,1,9,20,4,,14,1,,,1,,,,,,2,1,1,0,,,,,,,0,,,3,3,0,3, ,0,,,,0,,,,1,,1,,,,,,,,,1,1,,,,,,41,,,, , ,18,9,3,3,3,0,5,41,43.90243902,21.95121951,7.317073171,7.317073171,7.317073171,0,12.19512195
140,8,8/8/23,2,RS,b_lab,1,,,,7,,,6,,,,,,,,,1,5,4,1,1,1,,,,,,1,1,,13,13,0,12, ,1,,1,,0,,,1,,,,,1,,,,,,,,,,,,,,31,,,, , ,9,0,2,5,12,1,2,31,29.03225806,0,6.451612903,16.12903226,38.70967742,3.225806452,6.451612903
141,8,8/8/23,3,RS,b_lab,7,,,,7,3,,4,,,,,,,,,,5,5,,1,1,,,,,,0,,,3,2,0,2, ,0,1,,,1,1,,,,,,,,,,,,,,,,,,,,,24,,,, , ,11,0,1,6,2,0,4,24,45.83333333,0,4.166666667,25,8.333333333,0,16.66666667
142,8,8/8/23,1,RS,fedora17,1,,,,10,2,,7,,,,,,1,,,,9,9,,0,,,,,,,1,1,,3,1,0,1, ,0,2,,,0,,,,,,,,,,,,,,,,,,,,,,24,,,, , ,8,0,1,12,1,0,2,24,33.33333333,0,4.166666667,50,4.166666667,0,8.333333333
143,8,8/8/23,2,RS,fedora17,,,,,14,2,,12,,,,,,,,,,1,1,,0,,,,,,,1,1,,1,1,0,1, ,0,,,,0,,,,,,,,,,,,,,,,1,,,,,,18,,,, , ,12,0,2,1,1,0,2,18,66.66666667,0,11.11111111,5.555555556,5.555555556,0,11.11111111
144,8,8/8/23,3,RS,fedora17,1,,,1,15,1,,14,,,,,,,,,,9,8,1,1,,1,,,,,0,,,3,3,0,3, ,0,,,,0,,,,1,,,,,,,,,,,,,,,,,,31,,,, , ,15,1,0,10,3,0,2,31,48.38709677,3.225806452,0,32.25806452,9.677419355,0,6.451612903
145,8,8/8/23,1,RS,carmenecta,1,,,,30,7,,20,,,,1,,,,1,1,21,17,4,1,1,,,,,,2,2,,26,22,0,22, ,0,4,,,0,,,3,,,,,,,,,,,,1,1,,,,,,86,,,, , ,22,0,8,26,22,0,8,86,25.58139535,0,9.302325581,30.23255814,25.58139535,0,9.302325581
146,8,8/8/23,2,RS,carmenecta,1,,,,5,2,,3,,,,,,,,,,1,,1,0,,,,,,,0,,,4,4,0,4, ,0,,,,1,1,,,,,,,,,,,,,,,,,,,,,12,,,, , ,4,0,1,1,4,0,2,12,33.33333333,0,8.333333333,8.333333333,33.33333333,0,16.66666667
147,8,8/8/23,3,RS,carmenecta,3,,,,7,2,,5,,,,,,,,,,3,3,,1,1,,,,,,0,,,2,2,0,2, ,0,,,,0,,,,,,1,,,,,,,,,,,,,,,,17,,,, , ,9,0,0,3,2,0,3,17,52.94117647,0,0,17.64705882,11.76470588,0,17.64705882
148,8,8/8/23,1,RS,henola,,1,,1,25,8,,15,,,1,,,,,,1,11,11,,0,,,,,,,2,2,,6,3,0,3, ,0,3,,,0,,,,,,,,,,,,,,,1,,,,,1,,48,,,, , ,17,1,3,15,3,0,9,48,35.41666667,2.083333333,6.25,31.25,6.25,0,18.75
149,8,8/8/23,2,RS,henola,4,,,2,21,8,,13,,,,,,,,,,8,7,1,1,1,,,,,,2,2,,10,10,0,10, ,0,,,,2,2,,6,,,,,,,,,,,,1,,,,,,,57,,,, , ,17,2,10,9,10,0,9,57,29.8245614,3.50877193,17.54385965,15.78947368,17.54385965,0,15.78947368
150,8,8/8/23,3,RS,henola,,,,1,20,2,,17,,,,,,,,,1,6,5,1,2,1,1,,,,,1,1,,3,3,0,3, ,0,,,,0,,,1,,,,,1,,,,,,,,,1,,,,,36,,,, , ,20,1,2,7,3,0,3,36,55.55555556,2.777777778,5.555555556,19.44444444,8.333333333,0,8.333333333
151,8,8/8/23,1,RS,futura83,3,2,,3,23,6,,16,,,,,,,,,1,5,4,1,0,,,,,,,1,,1,12,11,0,11, ,0,1,,,0,,,,,,,,2,,,,,,,,,,,,,,51,,,, , ,24,3,1,6,11,0,6,51,47.05882353,5.882352941,1.960784314,11.76470588,21.56862745,0,11.76470588
152,8,8/8/23,2,RS,futura83,4,2,,,17,6,,10,1,,,,,,,,,13,13,,0,,,,,,,0,,,2,1,0,1, ,0,1,,,0,,,1,1,,,,,,,,,,,1,,,,,,,41,,,, , ,16,0,2,15,1,0,7,41,39.02439024,0,4.87804878,36.58536585,2.43902439,0,17.07317073
153,8,8/8/23,3,RS,futura83,1,4,,,6,,,6,,,,,,,,,,4,3,1,0,,,,,,,1,1,,2,1,0,1, ,0,1,,,1,1,,,,,,,,,,,,,,,,,,,,,19,,,, , ,11,0,2,5,1,0,0,19,57.89473684,0,10.52631579,26.31578947,5.263157895,0,0
154,8,8/8/23,1,RS,orion33,1,1,,3,14,4,,9,,,,,,1,,,,2,2,,0,,,,,,,0,,,2,,0,0, ,0,2,,,0,,,1,,,,,,,,,,,,1,,,,,,,25,,,, , ,11,3,1,6,0,0,4,25,44,12,4,24,0,0,16
155,8,8/8/23,2,RS,orion33,2,3,,3,23,6,,17,,,,,,,,,,2,2,,2,2,,,,,,2,2,,4,2,0,1, ,1,2,,,2,2,,,,,,,,,,,,,,,,,,,,,43,,,, , ,22,3,4,4,1,0,9,43,51.1627907,6.976744186,9.302325581,9.302325581,2.325581395,0,20.93023256
156,8,8/8/23,3,RS,orion33,3,2,,1,18,3,,14,,,,,,,,,1,3,3,,0,,,,,,,1,1,,11,7,1,6, ,0,4,,,0,,,,,,,,,,,,,,,,,,,,,,39,,,, , ,20,1,1,7,6,1,3,39,51.28205128,2.564102564,2.564102564,17.94871795,15.38461538,2.564102564,7.692307692
157,10,8/23/23,1,RS,henola,5,,,5,26,,,25,1,,,,,,,,,10,8,2,0,,,,,,,2,2,,17,8,0,7, ,1,9,,,1,,1,,6,,,,,,,,,,,1,1,,,,,,74,,,, , ,30,5,5,20,7,0,7,74,40.54054054,6.756756757,6.756756757,27.02702703,9.459459459,0,9.459459459
158,10,8/23/23,2,RS,henola,2,,,1,42,2,,40,,,,,,,,,,5,5,,0,,,,,,,0,,,8,8,0,8, ,0,,,,0,,,,,,,,,,,,,,,,,,,,,,58,,,, , ,42,1,0,5,8,0,2,58,72.4137931,1.724137931,0,8.620689655,13.79310345,0,3.448275862
159,10,8/23/23,3,RS,henola,1,1,,,20,,1,17,,1,1,,,,,,,11,10,1,1,1,,,,,,1,1,,20,20,0,20, ,0,,,,0,,,,1,,,,1,,,,,,,3,,,,,,,60,1,,,1, ,22,0,2,14,20,0,2,60,36.66666667,0,3.333333333,23.33333333,33.33333333,0,3.333333333
160,10,8/23/23,1,RS,fedora17,,1,,,27,6,,19,1,,,1,,,,,,14,10,4,3,3,,,,,,0,,,13,8,0,8, ,0,5,,,0,,,,4,,,,,,,,,,,,2,,,,,,64,,,, , ,20,0,4,19,8,0,13,64,31.25,0,6.25,29.6875,12.5,0,20.3125
161,10,8/23/23,2,RS,fedora17,2,,,,19,1,,18,,,,,,,,,,5,4,1,1,,,,,1,,0,,,8,8,0,8, ,0,,,,0,,,1,,,,,,,,,,,,1,1,,,,,,38,,,, , ,21,0,2,6,8,0,1,38,55.26315789,0,5.263157895,15.78947368,21.05263158,0,2.631578947
162,10,8/23/23,3,RS,fedora17,,,,,17,,,17,,,,,,,,,,6,6,,0,,,,,,,0,,,1,,0,0, ,0,1,,,0,,,1,,,,,,,,,,,,,,,,,,,25,,,, , ,17,0,1,7,0,0,0,25,68,0,4,28,0,0,0
163,10,8/23/23,1,RS,orion33,,2,,,11,4,,7,,,,,,,,,,1,,1,1,1,,,,,,0,,,0,,0,0, ,0,,,,0,,,,1,,,,,,,,,,,,,,,,,,16,,,, , ,9,0,0,1,0,0,6,16,56.25,0,0,6.25,0,0,37.5
164,10,8/23/23,2,RS,orion33,2,,,,29,4,,25,,,,,,,,,,5,5,,0,,,,,,,1,1,,15,10,0,8, ,2,5,,,0,,,,7,,,,,,,,,,,2,,,,,,,61,,,, , ,27,0,1,12,8,0,13,61,44.26229508,0,1.639344262,19.67213115,13.1147541,0,21.31147541
165,10,8/23/23,3,RS,orion33,1,,,,13,2,,11,,,,,,,,,,2,1,1,0,,,,,,,2,2,,18,17,0,17, ,0,1,,,0,,,,1,,,,,,,,,,,,,,,,,,37,,,, , ,12,0,2,3,17,0,3,37,32.43243243,0,5.405405405,8.108108108,45.94594595,0,8.108108108
166,10,8/23/23,1,RS,b_lab,1,1,,,26,2,,24,,,,,,,,,,10,9,1,0,,,,,,,0,,,7,7,0,7, ,0,,,,0,,,,2,,,,,,,,,,,,,,,,,,47,,,, , ,26,0,0,10,7,0,4,47,55.31914894,0,0,21.27659574,14.89361702,0,8.510638298
167,10,8/23/23,2,RS,b_lab,1,,,,9,2,,7,,,,,,,,,,0,,,1,1,,,,,,1,,1,4,4,0,4, ,0,,,,0,,,1,2,,,,,,,,,,,1,,,,,,,20,,,, , ,8,0,2,1,4,0,5,20,40,0,10,5,20,0,25
168,10,8/23/23,3,RS,b_lab,,,,,21,3,,17,,,,,,,,,1,5,5,,1,,,1,,,,0,,,16,14,0,14, ,0,2,,,0,,,,3,,,,,,,,,,,,,,,,,,46,,,, , ,19,0,0,7,14,0,6,46,41.30434783,0,0,15.2173913,30.43478261,0,13.04347826
169,10,8/23/23,1,RS,futura83,3,,,3,39,3,,34,2,,,,,,,,,4,4,,1,1,,,,,,3,2,1,4,2,0,2, ,0,2,,,0,,,3,4,,,,1,,,,,,,1,1,,,,,,67,,,, , ,38,3,9,7,2,0,8,67,56.71641791,4.47761194,13.43283582,10.44776119,2.985074627,0,11.94029851
170,10,8/23/23,2,RS,futura83,1,,,,16,3,,13,,,,,,,,,,4,4,,2,2,,,,,,0,,,3,3,0,3, ,0,,,,0,,,,1,,,,1,,,,,,,,1,,,,,,29,,,, , ,15,0,1,4,3,0,6,29,51.72413793,0,3.448275862,13.79310345,10.34482759,0,20.68965517
171,10,8/23/23,3,RS,futura83,4,,,2,17,4,,12,,,,,,,,,1,3,3,,2,2,,,,,,2,2,,9,6,0,6, ,0,3,,,0,,,,1,,,,,,,,,,,,3,,,,,,43,,,, , ,17,2,5,6,6,0,7,43,39.53488372,4.651162791,11.62790698,13.95348837,13.95348837,0,16.27906977
172,10,8/23/23,1,RS,carmenecta,3,,,,22,3,,17,1,,,,,,,1,,5,5,,0,,,,,,,1,1,,4,3,0,1, ,2,1,,,0,,,,,,,,,,,,,,,,,,,,,,35,,,, , ,20,0,3,6,1,0,5,35,57.14285714,0,8.571428571,17.14285714,2.857142857,0,14.28571429
173,10,8/23/23,2,RS,carmenecta,2,,,1,29,5,,21,,,,1,,,,2,,4,3,1,0,,,,,,,3,1,2,6,5,0,5, ,0,1,,,0,,,,4,,,,,,,,,,,,1,,,,,,50,,,, , ,23,1,7,5,5,0,9,50,46,2,14,10,10,0,18
174,10,8/23/23,3,RS,carmenecta,2,,,4,6,,,5,,1,,,,,,,,4,3,1,0,,,,,,,1,1,,5,5,0,5, ,0,,,,0,,,,1,,,,,,,,,,,,,,,,,,23,1,,, ,1,8,4,1,4,5,0,1,23,34.7826087,17.39130435,4.347826087,17.39130435,21.73913043,0,4.347826087